"","Position","Name","Salary","AvgPointsPerGame","AvgRecYardsPerGame","RecTDs","AvgPassYardsPerGame","PassTDs","AvgRushYardsPerGame","RushTDs"
"1","WR","Julio Jones",9300,21.293,106.2,6,NA,NA,0.1,0
"2","WR","Odell Beckham Jr.",9200,26.417,NA,NA,NA,NA,NA,NA
"3","WR","Demaryius Thomas",9100,22.812,101.2,11,NA,NA,NA,NA
"4","WR","Dez Bryant",8700,19.033,82.5,16,NA,NA,NA,NA
"5","QB","Aaron Rodgers",8600,23.428,NA,NA,273.8,38,16.8,2
"6","WR","Calvin Johnson",8500,18.229,82.8,8,NA,NA,NA,NA
"7","WR","Jordy Nelson",8400,20.289,94.9,13,NA,NA,NA,NA
"8","QB","Andrew Luck",8300,23.743,NA,NA,297.6,40,17.1,3
"9","WR","Alshon Jeffery",8300,16.913,70.8,10,NA,NA,2.1,0
"10","QB","Peyton Manning",8200,21.301,NA,NA,295.4,39,-1.5,0
"11","QB","Drew Brees",8000,21.749,0.1,0,309.5,33,4.2,1
"12","WR","Randall Cobb",8000,19.594,80.4,12,NA,NA,2.3,0
"13","RB","Jamaal Charles",7900,17.093,19.4,5,NA,NA,68.9,9
"14","WR","Emmanuel Sanders",7900,19.671,87.8,9,NA,NA,2.8,0
"15","RB","Matt Forte",7800,22.538,50.5,4,NA,NA,64.9,6
"16","QB","Russell Wilson",7800,21.91,1.1,0,217.2,20,53.1,6
"17","WR","A.J. Green",7800,17.1,80.1,6,NA,NA,0.2,0
"18","RB","Adrian Peterson",7700,11.3,18,0,NA,NA,75,0
"19","WR","Mike Evans",7700,16.94,70.1,12,NA,NA,NA,NA
"20","RB","Arian Foster",7600,22.808,25.2,5,0.4,1,95.8,8
"21","QB","Cam Newton",7600,19.246,NA,NA,223.4,18,38.5,5
"22","WR","T.Y. Hilton",7600,17.372,89.7,7,NA,NA,1.3,0
"23","QB","Matt Ryan",7500,19.891,NA,NA,293.4,28,9.1,0
"24","RB","Eddie Lacy",7500,17.167,26.7,4,NA,NA,71.2,9
"25","QB","Eli Manning",7400,18.906,NA,NA,275.6,30,1.9,1
"26","QB","Ryan Tannehill",7400,18.719,-0.2,0,252.8,27,19.4,1
"27","WR","DeAndre Hopkins",7400,15.25,75.6,6,NA,NA,NA,NA
"28","QB","Tony Romo",7300,18.656,NA,NA,247,34,4.1,0
"29","RB","Marshawn Lynch",7300,19.839,22.9,4,NA,NA,81.6,13
"30","WR","Kelvin Benjamin",7300,14.978,63,9,NA,NA,NA,NA
"31","RB","LeSean McCoy",7200,13.4,9.7,0,NA,NA,82.4,5
"32","WR","Jordan Matthews",7200,13.2,54.5,8,NA,NA,NA,NA
"33","QB","Philip Rivers",7100,18.603,NA,NA,267.9,31,6.4,0
"34","WR","Keenan Allen",7100,13.307,55.9,4,NA,NA,NA,NA
"35","WR","Brandin Cooks",7100,13.93,55,3,NA,NA,7.3,1
"36","RB","Jeremy Hill",7100,14.035,13.4,0,NA,NA,70.2,9
"37","QB","Matthew Stafford",7000,17.435,NA,NA,266.1,22,5.8,2
"38","QB","Colin Kaepernick",7000,16.979,NA,NA,210.6,19,39.9,1
"39","WR","Sammy Watkins",7000,13.188,61.4,6,NA,NA,0.5,0
"40","RB","C.J. Anderson",7000,14.638,21.6,2,NA,NA,56.6,8
"41","QB","Sam Bradford",6900,0,NA,NA,NA,NA,NA,NA
"42","WR","Jeremy Maclin",6900,18.05,82.4,10,NA,NA,NA,NA
"43","QB","Jay Cutler",6800,19.439,NA,NA,254.1,28,12.7,2
"44","WR","DeSean Jackson",6800,15.173,77.9,6,NA,NA,0.5,0
"45","QB","Joe Flacco",6700,18.571,NA,NA,249.1,27,4.4,2
"46","RB","DeMarco Murray",6700,24.033,26,0,NA,NA,115.3,13
"47","WR","Amari Cooper",6700,0,NA,NA,NA,NA,NA,NA
"48","WR","Brandon Marshall",6600,14.315,55.5,8,NA,NA,NA,NA
"49","QB","Teddy Bridgewater",6600,15.435,NA,NA,224.5,14,16.1,1
"50","WR","Roddy White",6500,15.65,65.8,7,NA,NA,NA,NA
"51","QB","Carson Palmer",6500,18.923,NA,NA,271,11,4.2,0
"52","WR","Steve Smith Sr.",6400,14.667,NA,NA,NA,NA,NA,NA
"53","QB","Robert Griffin III",6400,11.151,NA,NA,188.2,4,19.6,1
"54","RB","Andre Ellington",6400,15.208,32.9,2,NA,NA,55,3
"55","WR","Golden Tate",6300,17.353,83.2,4,NA,NA,1.9,0
"56","QB","Geno Smith",6300,12.343,0,0,180.4,13,17,1
"57","WR","Anquan Boldin",6200,13.913,66.4,5,0,0,0.2,0
"58","QB","Alex Smith",6200,15.333,NA,NA,217.7,18,16.9,1
"59","RB","Justin Forsett",6200,16.233,16.4,0,NA,NA,79.1,8
"60","WR","Andre Johnson",6100,13.107,62.4,3,NA,NA,NA,NA
"61","QB","Andy Dalton",6100,15.425,1.1,1,212.4,19,10.6,4
"62","QB","Derek Carr",6100,13.188,0,0,204.4,21,5.8,0
"63","WR","Marques Colston",6000,11.513,56.4,5,NA,NA,NA,NA
"64","WR","Vincent Jackson",6000,11.888,62.6,2,NA,NA,NA,NA
"65","WR","Eric Decker",6000,13.747,64.1,5,NA,NA,NA,NA
"66","WR","Mike Wallace",6000,13.55,53.9,10,0,0,1,0
"67","QB","Marcus Mariota",6000,0,NA,NA,NA,NA,NA,NA
"68","QB","Jameis Winston",6000,0,NA,NA,NA,NA,NA,NA
"69","WR","Torrey Smith",5900,11.761,47.9,11,NA,NA,NA,NA
"70","RB","Joseph Randle",5900,3.228,1.4,0,NA,NA,21.4,3
"71","QB","Blake Bortles",5900,13.516,NA,NA,207.7,11,29.9,0
"72","QB","Matt Cassel",5800,8.933,NA,NA,141.7,3,6,0
"73","RB","Jonathan Stewart",5800,12.227,13.9,1,NA,NA,62.2,3
"74","WR","Michael Floyd",5800,10.3,52.6,6,NA,NA,0.1,0
"75","RB","Latavius Murray",5700,5.913,9.5,0,NA,NA,28.3,2
"76","WR","Nelson Agholor",5700,0,NA,NA,NA,NA,NA,NA
"77","QB","Michael Vick",5600,4.746,NA,NA,60.4,3,15.3,0
"78","TE","Jimmy Graham",5600,14.681,55.6,10,NA,NA,NA,NA
"79","RB","Mark Ingram",5600,15.762,11.2,0,NA,NA,74.2,9
"80","WR","Jarvis Landry",5600,11.588,47.4,5,NA,NA,-0.2,0
"81","QB","Ryan Fitzpatrick",5500,15.977,NA,NA,206.9,17,15.3,2
"82","WR","Larry Fitzgerald",5500,10.967,56,2,NA,NA,NA,NA
"83","RB","Alfred Morris",5500,11.931,9.7,0,NA,NA,67.1,8
"84","RB","Lamar Miller",5500,14.525,17.2,1,NA,NA,68.7,8
"85","RB","Melvin Gordon",5500,0,NA,NA,NA,NA,NA,NA
"86","RB","T.J. Yeldon",5500,0,NA,NA,NA,NA,NA,NA
"87","RB","Frank Gore",5400,10.794,6.9,1,NA,NA,69.1,4
"88","QB","Mark Sanchez",5400,18.38,NA,NA,268.7,14,9.7,1
"89","WR","Allen Robinson",5400,11.68,54.8,2,NA,NA,NA,NA
"90","TE","Greg Olsen",5300,13.683,63,6,NA,NA,NA,NA
"91","WR","Malcom Floyd",5300,11.038,53.5,6,NA,NA,NA,NA
"92","QB","Nick Foles",5300,18.04,NA,NA,270.4,13,8.5,0
"93","RB","Carlos Hyde",5300,5.364,4.9,0,NA,NA,23.8,4
"94","QB","Josh McCown",5200,13.722,NA,NA,200.5,11,11.5,3
"95","WR","Pierre Garcon",5200,10.263,47,3,0,0,NA,NA
"96","RB","Joique Bell",5200,13.231,21.5,1,NA,NA,57.3,7
"97","WR","Victor Cruz",5100,11.45,56.2,1,NA,NA,NA,NA
"98","QB","Brian Hoyer",5100,12.853,0,0,237.6,12,2.8,0
"99","RB","Rashad Jennings",5100,12.955,20.5,0,NA,NA,58.1,4
"100","QB","Ryan Mallett",5100,7.267,NA,NA,133.3,2,-0.7,0
"101","WR","Kendall Wright",5100,12.279,51.1,6,NA,NA,3.9,0
"102","QB","EJ Manuel",5100,12.344,NA,NA,167.6,5,10.4,1
"103","WR","Rueben Randle",5100,11.988,58.6,3,NA,NA,NA,NA
"104","QB","Matt Hasselbeck",5000,4.485,NA,NA,75.2,2,-2.8,0
"105","QB","Charlie Whitehurst",5000,12.72,1.4,0,189.4,7,12.9,0
"106","QB","Tarvaris Jackson",5000,0,NA,NA,0,0,NA,NA
"107","QB","Derek Anderson",5000,7.206,NA,NA,116.8,5,4,0
"108","QB","Dan Orlovsky",5000,0,NA,NA,NA,NA,NA,NA
"109","QB","Kellen Clemens",5000,0.2,NA,NA,5,0,NA,NA
"110","QB","Shaun Hill",5000,10.92,0,0,184.1,8,1.1,1
"111","QB","Matt Moore",5000,0.32,NA,NA,10.5,0,-1,0
"112","QB","Drew Stanton",5000,11.416,NA,NA,190.1,7,7,0
"113","QB","Matt Schaub",5000,-0.065,NA,NA,5.2,0,NA,NA
"114","QB","Luke McCown",5000,0,NA,NA,NA,NA,NA,NA
"115","QB","Chad Henne",5000,10.727,NA,NA,164,3,8.3,0
"116","QB","Josh Johnson",5000,0,NA,NA,NA,NA,NA,NA
"117","QB","Mike Kafka",5000,0,NA,NA,NA,NA,NA,NA
"118","QB","R.J. Archer",5000,0,NA,NA,NA,NA,NA,NA
"119","QB","Joe Webb",5000,0.289,2.3,0,NA,NA,NA,NA
"120","QB","Chase Daniel",5000,2.593,NA,NA,52.3,0,5,0
"121","QB","Colt McCoy",5000,13.976,NA,NA,211.4,4,13.2,1
"122","QB","Tim Tebow",5000,0,NA,NA,NA,NA,NA,NA
"123","QB","T.J. Yates",5000,0.78,NA,NA,64,0,NA,NA
"124","QB","Christian Ponder",5000,7.24,NA,NA,111,0,8,1
"125","QB","Scott Tolzien",5000,0,NA,NA,NA,NA,NA,NA
"126","QB","Ricky Stanzi",5000,0,NA,NA,NA,NA,NA,NA
"127","QB","McLeod Bethel-Thompson",5000,0,NA,NA,NA,NA,NA,NA
"128","QB","Josh Freeman",5000,0,NA,NA,NA,NA,NA,NA
"129","QB","Thaddeus Lewis",5000,0,NA,NA,NA,NA,NA,NA
"130","QB","Case Keenum",5000,12.95,NA,NA,217.5,2,17.5,0
"131","QB","Jimmy Clausen",5000,4.205,NA,NA,55.8,2,2.2,0
"132","QB","Kellen Moore",5000,0,NA,NA,NA,NA,NA,NA
"133","QB","Brandon Weeden",5000,3.67,NA,NA,60.6,3,-0.2,0
"134","QB","Tyrod Taylor",5000,-0.3,NA,NA,NA,NA,-3,0
"135","QB","Chandler Harnish",5000,0,NA,NA,NA,NA,NA,NA
"136","QB","Austin Davis",5000,12.564,NA,NA,200.1,12,3.6,0
"137","QB","Kirk Cousins",5000,17.567,NA,NA,285,10,3.3,0
"138","QB","Matt Simms",5000,1.76,NA,NA,39,0,2,0
"139","QB","Blaine Gabbert",5000,6.02,NA,NA,38,1,5,0
"140","QB","Sean Renfree",5000,0,NA,NA,NA,NA,NA,NA
"141","QB","Mike Glennon",5000,16.93,NA,NA,236.2,10,8.2,0
"142","QB","B.J. Daniels",5000,0,NA,NA,NA,NA,NA,NA
"143","QB","Ryan Nassib",5000,0.525,NA,NA,15,0,-0.8,0
"144","QB","Zac Dysert",5000,0,NA,NA,NA,NA,NA,NA
"145","QB","Matt McGloin",5000,7.46,NA,NA,129,1,3,0
"146","QB","Matt Barkley",5000,0,NA,NA,0,0,0,0
"147","QB","Zach Mettenberger",5000,11.84,NA,NA,201.7,8,0.6,0
"148","QB","Aaron Murray",5000,0,NA,NA,NA,NA,NA,NA
"149","QB","Brock Osweiler",5000,1.52,NA,NA,13,1,0,0
"150","QB","Bryn Renner",5000,0,NA,NA,NA,NA,NA,NA
"151","QB","Seth Lobato",5000,0,NA,NA,NA,NA,NA,NA
"152","QB","Bryce Petty",5000,0,NA,NA,NA,NA,NA,NA
"153","QB","Jeff Tuel",5000,0,NA,NA,NA,NA,NA,NA
"154","QB","Garrett Gilbert",5000,0,NA,NA,NA,NA,NA,NA
"155","QB","Logan Thomas",5000,2.413,NA,NA,40.5,1,NA,NA
"156","QB","AJ McCarron",5000,0,NA,NA,NA,NA,NA,NA
"157","QB","Tom Savage",5000,1.24,NA,NA,63.5,0,-3,0
"158","QB","Brad Sorensen",5000,0,NA,NA,NA,NA,NA,NA
"159","QB","David Fales",5000,0,NA,NA,NA,NA,NA,NA
"160","QB","Stephen Morris",5000,0,NA,NA,NA,NA,NA,NA
"161","QB","Jake Heaps",5000,0,NA,NA,NA,NA,NA,NA
"162","QB","Garrett Grayson",5000,0,NA,NA,NA,NA,NA,NA
"163","QB","Chase Rettig",5000,0,NA,NA,NA,NA,NA,NA
"164","QB","Tyler Bray",5000,0,NA,NA,NA,NA,NA,NA
"165","QB","Connor Shaw",5000,5.98,NA,NA,177,0,9,0
"166","QB","Phillip Sims",5000,0,NA,NA,NA,NA,NA,NA
"167","QB","Jameill Showers",5000,0,NA,NA,NA,NA,NA,NA
"168","QB","Trevor Siemian",5000,0,NA,NA,NA,NA,NA,NA
"169","QB","Shane Carden",5000,0,NA,NA,NA,NA,NA,NA
"170","QB","Hutson Mason",5000,0,NA,NA,NA,NA,NA,NA
"171","QB","Dylan Thompson",5000,0,NA,NA,NA,NA,NA,NA
"172","QB","Bryan Bennett",5000,0,NA,NA,NA,NA,NA,NA
"173","QB","Anthony Boone",5000,0,NA,NA,NA,NA,NA,NA
"174","QB","Cody Fajardo",5000,0,NA,NA,NA,NA,NA,NA
"175","QB","Sean Mannion",5000,0,NA,NA,NA,NA,NA,NA
"176","QB","Jerry Lovelocke",5000,0,NA,NA,NA,NA,NA,NA
"177","QB","Brett Hundley",5000,0,NA,NA,NA,NA,NA,NA
"178","RB","Tre Mason",5000,11.858,12.3,1,NA,NA,63.8,4
"179","QB","Cole Stoudt",5000,0,NA,NA,NA,NA,NA,NA
"180","QB","Johnny Manziel",5000,2.78,NA,NA,35,0,5.8,1
"181","QB","Taylor Heinicke",5000,0,NA,NA,NA,NA,NA,NA
"182","QB","Alex Tanney",5000,0,NA,NA,NA,NA,NA,NA
"183","QB","Matt Blanchard",5000,0,NA,NA,NA,NA,NA,NA
"184","WR","Breshad Perriman",5000,0,NA,NA,NA,NA,NA,NA
"185","WR","Kevin White",5000,0,NA,NA,NA,NA,NA,NA
"186","QB","Jake Waters",5000,0,NA,NA,NA,NA,NA,NA
"187","QB","Dustin Vaughan",5000,0,NA,NA,NA,NA,NA,NA
"188","RB","C.J. Spiller",4900,8.056,13.9,1,NA,NA,33.3,0
"189","WR","Charles Johnson",4900,7.867,39.6,2,NA,NA,-0.9,0
"190","WR","Kenny Britt",4800,9.263,46.8,3,NA,NA,0.9,0
"191","TE","Travis Kelce",4800,11.825,53.9,5,NA,NA,NA,NA
"192","RB","Todd Gurley",4800,0,NA,NA,NA,NA,NA,NA
"193","RB","Tevin Coleman",4800,0,NA,NA,NA,NA,NA,NA
"194","WR","Kenny Stills",4700,11.993,62.1,3,NA,NA,-0.1,0
"195","RB","Giovani Bernard",4700,14.579,26.8,2,NA,NA,52.3,5
"196","WR","Doug Baldwin",4600,11.372,51.6,3,NA,NA,0.5,0
"197","RB","Isaiah Crowell",4600,7.775,5.4,0,NA,NA,37.9,8
"198","RB","Doug Martin",4500,7.618,5.8,0,NA,NA,44.9,2
"199","WR","John Brown",4500,9.259,43.5,5,NA,NA,-0.4,0
"200","TE","Julius Thomas",4500,12.729,37.6,12,NA,NA,NA,NA
"201","RB","Darren McFadden",4400,7.6,13.2,0,0,0,33.4,2
"202","WR","Michael Crabtree",4400,10.138,43.6,4,NA,NA,0.2,0
"203","WR","Percy Harvin",4400,10.5,43.8,1,NA,NA,13.8,0
"204","WR","Davante Adams",4400,7.389,27.9,3,NA,NA,NA,NA
"205","WR","Greg Jennings",4300,10.575,46.4,6,NA,NA,NA,NA
"206","WR","Dwayne Bowe",4300,9.027,50.3,0,NA,NA,NA,NA
"207","TE","Martellus Bennett",4300,14.225,57.2,6,NA,NA,NA,NA
"208","RB","Devonta Freeman",4300,5.519,14.1,1,NA,NA,15.5,1
"209","WR","Marqise Lee",4300,6.623,32.5,1,NA,NA,0.7,0
"210","RB","Bishop Sankey",4300,6.138,8.3,0,NA,NA,35.6,2
"211","WR","James Jones",4200,11.1,41.6,6,NA,NA,NA,NA
"212","TE","Antonio Gates",4200,13.944,51.3,12,NA,NA,NA,NA
"213","WR","Brian Quick",4200,11.5,53.6,3,NA,NA,NA,NA
"214","RB","Shane Vereen",4200,10.089,27.9,3,NA,NA,24.4,2
"215","WR","Marvin Jones",4200,0,NA,NA,NA,NA,NA,NA
"216","WR","Justin Hunter",4200,7.983,41.5,3,NA,NA,NA,NA
"217","RB","Chris Ivory",4100,9.963,7.7,1,NA,NA,51.3,6
"218","WR","DeVante Parker",4100,0,NA,NA,NA,NA,NA,NA
"219","TE","Jason Witten",4000,10.483,43.9,5,NA,NA,NA,NA
"220","WR","Terrance Williams",4000,10.117,38.8,8,NA,NA,NA,NA
"221","WR","Allen Hurns",4000,10.044,42.3,6,NA,NA,NA,NA
"222","RB","Ameer Abdullah",4000,0,NA,NA,NA,NA,NA,NA
"223","RB","Reggie Bush",3900,10.058,23,0,NA,NA,27,2
"224","WR","Eddie Royal",3900,11.575,48.6,7,NA,NA,0.9,0
"225","RB","Fred Jackson",3900,13.471,35.8,1,0,0,37.5,2
"226","RB","Montee Ball",3900,7.48,12.4,0,NA,NA,34.4,1
"227","WR","Dorial Green-Beckham",3900,0,NA,NA,NA,NA,NA,NA
"228","WR","Reggie Wayne",3800,8.783,51.9,2,NA,NA,NA,NA
"229","TE","Jordan Cameron",3800,8.14,42.4,2,NA,NA,NA,NA
"230","RB","Charles Sims",3800,7.688,23.8,0,NA,NA,23.1,1
"231","RB","David Johnson",3800,0,0.3,0,NA,NA,NA,NA
"232","WR","Chris Conley",3800,0,NA,NA,NA,NA,NA,NA
"233","WR","Devin Funchess",3800,0,NA,NA,NA,NA,NA,NA
"234","WR","Jaelen Strong",3800,0,NA,NA,NA,NA,NA,NA
"235","WR","Stevie Johnson",3700,7.654,NA,NA,NA,NA,NA,NA
"236","RB","Danny Woodhead",3700,4.067,11.3,0,NA,NA,12.7,0
"237","TE","Charles Clay",3700,9.964,43.2,3,NA,NA,NA,NA
"238","WR","Jermaine Kearse",3700,7.958,35.8,1,1.1,0,1,0
"239","WR","Cody Latimer",3700,0.538,2.9,0,NA,NA,NA,NA
"240","RB","Matt Jones",3700,0,NA,NA,NA,NA,NA,NA
"241","RB","James Starks",3600,4.683,8.8,0,NA,NA,20.8,2
"242","RB","Ray Rice",3600,0,NA,NA,NA,NA,NA,NA
"243","WR","Nick Toon",3600,5.488,26.9,1,NA,NA,0.5,0
"244","RB","Robert Turbin",3600,4.45,11.6,2,NA,NA,19.4,0
"245","RB","Ryan Mathews",3600,11.65,11.5,0,NA,NA,55,3
"246","RB","Knile Davis",3600,8.063,9.2,1,NA,NA,28.9,6
"247","TE","Zach Ertz",3600,9.263,43.9,3,NA,NA,NA,NA
"248","RB","Alfred Blue",3600,6.256,7.1,1,NA,NA,33,2
"249","WR","Cecil Shorts III",3600,9.614,NA,NA,NA,NA,NA,NA
"250","RB","Terrance West",3600,8.336,4.6,1,NA,NA,48.1,4
"251","WR","Phillip Dorsett",3600,0,NA,NA,NA,NA,NA,NA
"252","RB","Pierre Thomas",3500,11.182,34.4,1,NA,NA,20.2,2
"253","WR","Devin Hester",3500,7.188,31.5,2,NA,NA,2.2,1
"254","WR","Wes Welker",3500,7.36,33.1,2,NA,NA,NA,NA
"255","WR","Andrew Hawkins",3500,10.793,54.9,2,NA,NA,1,0
"256","RB","Fozzy Whittaker",3500,4.075,6,1,NA,NA,14.5,1
"257","RB","Jacquizz Rodgers",3500,5,10.8,1,NA,NA,13.6,1
"258","TE","Ladarius Green",3500,2.971,16.1,0,NA,NA,NA,NA
"259","TE","Kyle Rudolph",3500,6.567,25.7,2,NA,NA,NA,NA
"260","RB","Branden Oliver",3500,10.807,19.4,1,NA,NA,41.6,3
"261","TE","Tyler Eifert",3500,6.7,37,0,NA,NA,NA,NA
"262","WR","Robert Woods",3500,10.556,43.7,5,NA,NA,NA,NA
"263","WR","Marquess Wilson",3500,5.286,20,1,NA,NA,NA,NA
"264","RB","Javorius Allen",3500,0,NA,NA,NA,NA,NA,NA
"265","RB","Damien Williams",3500,3.619,11.7,1,NA,NA,7.6,0
"266","RB","Cameron Artis-Payne",3500,0,NA,NA,NA,NA,NA,NA
"267","DST","Seahawks ",3400,9.278,NA,NA,NA,NA,NA,NA
"268","TE","Owen Daniels",3400,8.812,35.1,4,NA,NA,NA,NA
"269","TE","Delanie Walker",3400,12.133,59.3,4,NA,NA,NA,NA
"270","RB","Steven Jackson",3400,9.633,9.9,0,NA,NA,47.1,6
"271","RB","Toby Gerhart",3400,5.871,13.3,0,NA,NA,23.3,2
"272","RB","Stevan Ridley",3400,9.667,3.3,0,NA,NA,56.7,2
"273","RB","Kendall Hunter",3400,0,NA,NA,NA,NA,NA,NA
"274","RB","Daniel Herron",3400,7.274,NA,NA,NA,NA,NA,NA
"275","TE","Coby Fleener",3400,10.479,48.4,8,NA,NA,NA,NA
"276","WR","Cole Beasley",3400,6.561,26.2,4,NA,NA,NA,NA
"277","TE","Dwayne Allen",3400,8.906,30.4,8,NA,NA,NA,NA
"278","TE","Josh Hill",3400,3.85,11,5,NA,NA,NA,NA
"279","RB","David Cobb",3400,0,NA,NA,NA,NA,NA,NA
"280","RB","Jay Ajayi",3400,0,NA,NA,NA,NA,NA,NA
"281","TE","Austin Seferian-Jenkins",3400,6.011,24.6,2,NA,NA,NA,NA
"282","RB","Lorenzo Taliaferro",3400,5.508,8.8,0,NA,NA,22.5,4
"283","RB","Darren Sproles",3300,10.773,25.8,0,NA,NA,21.9,6
"284","WR","Andre Caldwell",3300,0.571,2.9,0,NA,NA,NA,NA
"285","WR","Brian Hartline",3300,6.15,29.6,2,NA,NA,NA,NA
"286","RB","Dexter McCluster",3300,4.557,14.1,1,NA,NA,9.4,0
"287","WR","Kamar Aiken",3300,4.389,16.7,3,NA,NA,NA,NA
"288","WR","Mohamed Sanu",3300,11.256,49.4,5,4.9,1,3.2,0
"289","RB","Trent Richardson",3300,7.425,15.3,0,NA,NA,34.6,3
"290","TE","Jordan Reed",3300,8.955,42.3,0,NA,NA,NA,NA
"291","RB","Theo Riddick",3300,6.84,22.6,4,NA,NA,3.6,0
"292","WR","Tavon Austin",3300,6.373,16.1,0,NA,NA,14.9,2
"293","RB","Jerick McKinnon",3300,9.118,12.3,0,NA,NA,48.9,0
"294","DST","Bengals ",3200,6.353,NA,NA,NA,NA,NA,NA
"295","RB","Chris Johnson",3200,7.463,9.4,1,NA,NA,41.4,1
"296","WR","Andre Roberts",3200,5.838,28.3,2,NA,NA,1.3,0
"297","TE","Larry Donnell",3200,9.831,38.9,6,NA,NA,NA,NA
"298","RB","Zac Stacy",3200,5.115,11.7,0,NA,NA,22.5,1
"299","RB","Mike Davis",3200,0,NA,NA,NA,NA,NA,NA
"300","DST","Browns ",3100,8.188,NA,NA,NA,NA,NA,NA
"301","DST","Panthers ",3100,7.222,NA,NA,NA,NA,NA,NA
"302","TE","Vernon Davis",3100,4.493,17.5,2,NA,NA,0.3,0
"303","RB","Knowshon Moreno",3100,8.533,2.7,0,NA,NA,49.3,1
"304","DST","Texans ",3000,10.875,NA,NA,NA,NA,NA,NA
"305","DST","Packers ",3000,9.389,NA,NA,NA,NA,NA,NA
"306","DST","Chiefs ",3000,7.5,NA,NA,NA,NA,NA,NA
"307","DST","Dolphins ",3000,8.125,NA,NA,NA,NA,NA,NA
"308","WR","Josh Cribbs",3000,0.089,1.3,0,NA,NA,NA,NA
"309","WR","Lance Moore",3000,3.414,14.1,2,NA,NA,NA,NA
"310","RB","Maurice Jones-Drew",3000,2.308,5.9,0,NA,NA,8,0
"311","WR","Jason Avant",3000,4.713,30.4,0,NA,NA,NA,NA
"312","WR","Santonio Holmes",3000,1.633,7.4,0,NA,NA,NA,NA
"313","WR","Miles Austin",3000,9.65,47.3,2,NA,NA,NA,NA
"314","WR","Nate Washington",3000,7.481,40.4,2,NA,NA,NA,NA
"315","RB","Tyler Clutts",3000,0.456,0.1,0,NA,NA,NA,NA
"316","WR","Harry Douglas",3000,10.55,46.3,2,NA,NA,NA,NA
"317","WR","Eric Weems",3000,2.013,6.4,2,NA,NA,NA,NA
"318","WR","Jerricho Cotchery",3000,7.318,38.7,1,NA,NA,NA,NA
"319","WR","Josh Morgan",3000,1.857,5,1,NA,NA,2.1,0
"320","WR","Ted Ginn Jr.",3000,2.294,NA,NA,NA,NA,NA,NA
"321","RB","Jerome Felton",3000,0.544,0,0,NA,NA,1.7,0
"322","RB","Tim Hightower",3000,0,NA,NA,NA,NA,NA,NA
"323","RB","Shonn Greene",3000,4.038,1,0,NA,NA,30.2,2
"324","WR","Marcus Thigpen",3000,0.556,NA,NA,NA,NA,NA,NA
"325","RB","Ahmad Bradshaw",3000,15.65,30,6,NA,NA,42.5,2
"326","RB","Cedric Peerman",3000,0.588,1.7,0,NA,NA,2.7,0
"327","RB","Chris Ogbonnaya",3000,1.571,NA,NA,NA,NA,NA,NA
"328","WR","Jerome Simpson",3000,0,NA,NA,NA,NA,NA,NA
"329","RB","Mike Tolbert",3000,4.03,11.6,0,NA,NA,9.8,0
"330","RB","Jed Collins",3000,0.994,2.4,1,NA,NA,1.2,0
"331","RB","John Kuhn",3000,1.361,1.4,0,NA,NA,5.3,1
"332","WR","Seyi Ajirotutu",3000,0.531,2.8,0,NA,NA,NA,NA
"333","WR","Marlon Moore",3000,0,NA,NA,NA,NA,NA,NA
"334","WR","Brandon Tate",3000,2.553,12.1,1,NA,NA,1.3,0
"335","RB","Darrel Young",3000,3.206,5.1,2,NA,NA,1.4,3
"336","WR","Louis Murphy",3000,7.636,34.5,2,NA,NA,NA,NA
"337","RB","Antone Smith",3000,7.86,22.2,3,NA,NA,14.4,2
"338","RB","Donald Brown",3000,5.569,16.2,0,NA,NA,17.2,0
"339","RB","Jorvorskie Lane",3000,0.789,0.3,0,NA,NA,6.4,0
"340","WR","Jordan Norwood",3000,0,NA,NA,NA,NA,NA,NA
"341","RB","John Conner",3000,1.125,2.9,1,NA,NA,1.7,0
"342","WR","Trindon Holliday",3000,0,NA,NA,NA,NA,NA,NA
"343","WR","Kevin Ogletree",3000,1.429,7.1,0,NA,NA,NA,NA
"344","RB","Collin Mooney",3000,0,NA,NA,NA,NA,NA,NA
"345","WR","Kyle Williams",3000,0,NA,NA,NA,NA,NA,NA
"346","RB","Erik Lorig",3000,1.71,2.7,1,NA,NA,0.4,0
"347","WR","Kris Durham",3000,2.85,13.5,0,NA,NA,NA,NA
"348","RB","Shaun Draughn",3000,0.173,NA,NA,NA,NA,NA,NA
"349","WR","Hakeem Nicks",3000,6.542,25.3,4,NA,NA,NA,NA
"350","WR","Preston Parker",3000,5.55,26.1,2,NA,NA,NA,NA
"351","WR","Greg Salas",3000,3.27,16.7,0,NA,NA,2,1
"352","WR","Jacoby Ford",3000,0,NA,NA,NA,NA,NA,NA
"353","RB","Marcel Reece",3000,5.133,17.7,1,NA,NA,5.7,0
"354","WR","Dwayne Harris",3000,1.044,7.2,0,NA,NA,0.4,0
"355","RB","Bruce Miller",3000,3.05,11.8,2,NA,NA,0.6,0
"356","WR","Marc Mariani",3000,0,NA,NA,NA,NA,NA,NA
"357","WR","Bryan Walters",3000,0.767,4.4,0,NA,NA,-0.2,0
"358","WR","Jacoby Jones",3000,1.611,8.2,0,NA,NA,1,0
"359","WR","Riley Cooper",3000,8.106,36.1,3,NA,NA,NA,NA
"360","RB","Boobie Dixon",3000,4.256,NA,NA,NA,NA,NA,NA
"361","WR","Jeremy Ross",3000,3.488,19.6,1,NA,NA,-0.1,0
"362","RB","Chase Reynolds",3000,0,NA,NA,NA,NA,NA,NA
"363","WR","Joseph Morgan",3000,3.98,18.4,0,NA,NA,13.4,0
"364","WR","Damian Williams",3000,0.8,NA,NA,NA,NA,NA,NA
"365","WR","Ryan Broyles",3000,0.9,5,0,NA,NA,NA,NA
"366","WR","John Chiles",3000,0,NA,NA,NA,NA,NA,NA
"367","WR","Arrelious Benn",3000,0,NA,NA,NA,NA,NA,NA
"368","WR","Carlton Mitchell",3000,0,NA,NA,NA,NA,NA,NA
"369","WR","Marcus Easley",3000,0,NA,NA,NA,NA,NA,NA
"370","WR","Austin Pettis",3000,5.96,23.6,1,NA,NA,NA,NA
"371","WR","Armon Binns",3000,0,NA,NA,NA,NA,NA,NA
"372","RB","Matt Asiata",3000,13.013,20.8,1,NA,NA,38,9
"373","WR","Corbin Louks",3000,0,NA,NA,NA,NA,NA,NA
"374","WR","Marcus Harris",3000,0,NA,NA,NA,NA,NA,NA
"375","RB","Taiwan Jones",3000,0,NA,NA,NA,NA,NA,NA
"376","RB","DuJuan Harris",3000,0.567,0.7,0,NA,NA,4.3,0
"377","WR","Deonte Thompson",3000,0,NA,NA,NA,NA,NA,NA
"378","RB","Henry Hynoski",3000,0.081,NA,NA,NA,NA,0.8,0
"379","WR","Denarius Moore",3000,2.26,11.5,0,NA,NA,0.1,0
"380","WR","Leonard Hankerson",3000,0,0,0,NA,NA,NA,NA
"381","WR","Fred Williams",3000,0,NA,NA,NA,NA,NA,NA
"382","WR","Reggie Dunn",3000,0,NA,NA,NA,NA,NA,NA
"383","WR","G.J. Kinne",3000,0,NA,NA,NA,NA,NA,NA
"384","WR","Dontrelle Inman",3000,3.971,22.6,0,NA,NA,NA,NA
"385","RB","Jeremy Stewart",3000,0.314,NA,NA,NA,NA,3.7,0
"386","RB","Joe Banyard",3000,1.6,4.1,0,NA,NA,5.9,0
"387","WR","Jeremy Kerley",3000,5.844,25.6,1,0,0,5.4,0
"388","RB","Robert Hughes",3000,1.453,8.8,0,NA,NA,0.7,0
"389","WR","Nathan Palmer",3000,0,NA,NA,NA,NA,NA,NA
"390","RB","Anthony Sherman",3000,1.494,4.4,1,NA,NA,0.5,0
"391","WR","Julian Talley",3000,0,NA,NA,NA,NA,NA,NA
"392","WR","Mike Brown",3000,2.96,17.6,0,NA,NA,NA,NA
"393","WR","Aldrick Robinson",3000,0.32,NA,NA,NA,NA,NA,NA
"394","WR","Jeff Maehl",3000,1.2,5.8,0,NA,NA,NA,NA
"395","RB","Will Tukuafu",3000,0.309,0.4,0,NA,NA,0.2,0
"396","WR","Vincent Brown",3000,3.4,16.9,0,NA,NA,NA,NA
"397","RB","Bilal Powell",3000,2.687,6.1,0,NA,NA,9.4,1
"398","RB","Bobby Rainey",3000,7.807,21,1,0,0,27.1,1
"399","RB","Roy Helu Jr.",3000,9.164,NA,NA,NA,NA,NA,NA
"400","WR","Devon Wylie",3000,0,NA,NA,NA,NA,NA,NA
"401","WR","Junior Hemingway",3000,1.629,7.7,0,NA,NA,NA,NA
"402","RB","Patrick DiMarco",3000,1.325,3.9,1,NA,NA,NA,NA
"403","WR","Kevin Cone",3000,0,NA,NA,NA,NA,NA,NA
"404","RB","Isaiah Pead",3000,0,NA,NA,NA,NA,NA,NA
"405","RB","George Winn",3000,0.562,0,0,NA,NA,6.1,0
"406","RB","Cyrus Gray",3000,1.011,NA,NA,NA,NA,3.4,1
"407","WR","Juron Criner",3000,0,NA,NA,NA,NA,NA,NA
"408","WR","Tavarres King",3000,1.65,6.5,0,NA,NA,NA,NA
"409","RB","Austin Johnson",3000,1.671,2.1,1,NA,NA,3.1,0
"410","RB","Chris Polk",3000,3.629,1.1,0,NA,NA,12.3,4
"411","RB","Jarryd Hayne",3000,0,NA,NA,NA,NA,NA,NA
"412","RB","Kenjon Barner",3000,0,NA,NA,NA,NA,NA,NA
"413","RB","LaMichael James",3000,0.3,0,0,NA,NA,4.5,0
"414","WR","Brice Butler",3000,4.067,18.7,2,NA,NA,NA,NA
"415","RB","Zach Line",3000,0,NA,NA,NA,NA,NA,NA
"416","WR","Chris Owusu",3000,3.513,11.6,0,NA,NA,4.6,1
"417","WR","Griff Whalen",3000,0.33,2.3,0,NA,NA,NA,NA
"418","WR","Brenton Bersin",3000,2.165,10.1,1,NA,NA,NA,NA
"419","RB","Derrick Coleman",3000,2.18,5.8,1,NA,NA,NA,NA
"420","RB","Jonathan Grimes",3000,1.869,5.4,0,NA,NA,9.6,0
"421","WR","Frankie Hammond Jr.",3000,0.531,NA,NA,NA,NA,NA,NA
"422","WR","Jaron Brown",3000,3.347,14.3,2,NA,NA,NA,NA
"423","WR","T.J. Graham",3000,1.475,7.2,1,NA,NA,NA,NA
"424","RB","Ryan Williams",3000,0,NA,NA,NA,NA,NA,NA
"425","WR","Chris Givens",3000,2.379,11.4,1,NA,NA,0.3,0
"426","WR","Tandon Doss",3000,0,NA,NA,NA,NA,NA,NA
"427","WR","A.J. Jenkins",3000,2.011,10.3,0,NA,NA,-0.2,0
"428","RB","Michael Cox",3000,1.55,2.2,0,NA,NA,8.2,0
"429","RB","Glenn Winston",3000,0,NA,NA,NA,NA,NA,NA
"430","WR","Keshawn Martin",3000,0.863,4.9,0,NA,NA,NA,NA
"431","WR","Myles White",3000,0,NA,NA,NA,NA,NA,NA
"432","WR","DeVier Posey",3000,4,30,0,NA,NA,NA,NA
"433","WR","Jarrett Boykin",3000,0.353,1.8,0,NA,NA,NA,NA
"434","WR","LaRon Byrd",3000,0,NA,NA,NA,NA,NA,NA
"435","WR","Travis Benjamin",3000,4.281,19.6,3,NA,NA,0.7,0
"436","WR","Tommy Streeter",3000,0,NA,NA,NA,NA,NA,NA
"437","RB","Jordan Todman",3000,4.713,12.4,1,NA,NA,11.6,1
"438","WR","Jarius Wright",3000,7.869,36.8,2,NA,NA,4.4,0
"439","WR","Damaris Johnson",3000,4.5,20.7,1,NA,NA,1.2,0
"440","RB","Lance Dunbar",3000,2.756,13.6,0,NA,NA,6.2,0
"441","WR","Darius Davis",3000,0,NA,NA,NA,NA,NA,NA
"442","WR","Russell Shepard",3000,0.644,3.9,0,NA,NA,NA,NA
"443","RB","Zurlon Tipton",3000,4.289,11.3,1,NA,NA,3,0
"444","RB","Matthew Tucker",3000,0,NA,NA,NA,NA,NA,NA
"445","RB","Mike James",3000,0.382,-0.5,0,NA,NA,3.4,0
"446","RB","Tommy Bohanon",3000,1.325,7.5,0,NA,NA,0.8,0
"447","RB","Toben Opurum",3000,0,NA,NA,NA,NA,NA,NA
"448","WR","Ryan Grant",3000,0.863,4.2,0,NA,NA,NA,NA
"449","RB","Rex Burkhead",3000,2.93,5.4,0,NA,NA,3,1
"450","WR","Stephen Hill",3000,0,NA,NA,NA,NA,NA,NA
"451","RB","Benny Cunningham",3000,7.925,22,1,NA,NA,15.4,3
"452","RB","Kendall Gaskins",3000,0,NA,NA,NA,NA,NA,NA
"453","WR","Michael Campanaro",3000,5.183,25.5,1,NA,NA,NA,NA
"454","RB","Nikita Whitlock",3000,0,NA,NA,NA,NA,NA,NA
"455","RB","Kyle Juszczyk",3000,2.872,11.4,1,NA,NA,NA,NA
"456","RB","Bryce Brown",3000,6.457,25.1,0,NA,NA,18,0
"457","WR","Ryan Spadola",3000,0,NA,NA,NA,NA,NA,NA
"458","RB","Stepfan Taylor",3000,4.413,5.6,3,NA,NA,14.9,1
"459","WR","Tevin Reese",3000,0,NA,NA,NA,NA,NA,NA
"460","WR","Andrew Peacock",3000,0,NA,NA,NA,NA,NA,NA
"461","WR","Tony Washington",3000,0,NA,NA,NA,NA,NA,NA
"462","RB","Ray Agnew",3000,0.392,1.2,0,NA,NA,0.2,0
"463","WR","Marquise Goodwin",3000,0.6,4.2,0,NA,NA,0.8,0
"464","RB","Kerwynn Williams",3000,6,2.2,0,NA,NA,49.2,0
"465","WR","Rico Richardson",3000,0,NA,NA,NA,NA,NA,NA
"466","WR","Emory Blake",3000,0,NA,NA,NA,NA,NA,NA
"467","RB","Brandon Wegher",3000,0,NA,NA,NA,NA,NA,NA
"468","WR","Kevin Norwood",3000,1.92,11.3,0,NA,NA,NA,NA
"469","WR","Andre Debose",3000,0,NA,NA,NA,NA,NA,NA
"470","RB","Mike Gillislee",3000,0,NA,NA,NA,NA,NA,NA
"471","WR","Shaq Evans",3000,0,NA,NA,NA,NA,NA,NA
"472","WR","Duron Carter",3000,0,NA,NA,NA,NA,NA,NA
"473","WR","Rodney Smith",3000,0,0,0,NA,NA,NA,NA
"474","RB","Chris Thompson",3000,7.95,13.5,1,NA,NA,6,0
"475","WR","Josh Lenz",3000,0,NA,NA,NA,NA,NA,NA
"476","WR","Ricardo Lockette",3000,2.733,12.2,2,NA,NA,0.1,0
"477","RB","Christine Michael",3000,1.97,1.2,0,NA,NA,17.5,0
"478","WR","EZ Nwachukwu",3000,0,NA,NA,NA,NA,NA,NA
"479","RB","Denard Robinson",3000,9.354,9.5,0,0,0,44.8,4
"480","RB","Fitzgerald Toussaint",3000,1.283,6.8,0,NA,NA,3,0
"481","RB","Edwin Baker",3000,0.067,NA,NA,NA,NA,0.7,0
"482","WR","Bennie Fowler",3000,0,NA,NA,NA,NA,NA,NA
"483","WR","Jared Abbrederis",3000,0,NA,NA,NA,NA,NA,NA
"484","WR","Nick Williams",3000,0,NA,NA,NA,NA,NA,NA
"485","WR","Devin Street",3000,0.211,1.1,0,NA,NA,NA,NA
"486","WR","Cobi Hamilton",3000,0,NA,NA,NA,NA,NA,NA
"487","WR","Marlon Brown",3000,3.769,18.2,0,NA,NA,NA,NA
"488","WR","Chris Matthews",3000,0,NA,NA,NA,NA,NA,NA
"489","RB","Ronnie Hillman",3000,12.122,17.4,1,NA,NA,54.2,3
"490","WR","Colin Lockett",3000,0,NA,NA,NA,NA,NA,NA
"491","RB","Bernard Pierce",3000,3.84,1,0,NA,NA,28.2,2
"492","WR","Alan Bonner",3000,0,NA,NA,NA,NA,NA,NA
"493","WR","Stedman Bailey",3000,6.414,31.1,1,NA,NA,0.9,0
"494","RB","Daniel Thomas",3000,4.575,10.1,0,NA,NA,14,2
"495","WR","Justin Brown",3000,2.55,11.8,0,NA,NA,NA,NA
"496","RB","J.C. Copeland",3000,0,NA,NA,NA,NA,NA,NA
"497","RB","Spencer Ware",3000,0,NA,NA,NA,NA,NA,NA
"498","WR","James Wright",3000,1.555,8.3,0,NA,NA,2.7,0
"499","WR","Kenny Bell",3000,0,NA,NA,NA,NA,NA,NA
"500","WR","Quincy Enunwa",3000,0,NA,NA,NA,NA,NA,NA
"501","RB","Storm Johnson",3000,3.533,-0.7,0,NA,NA,14.3,2
"502","WR","Austin Hill",3000,0,NA,NA,NA,NA,NA,NA
"503","WR","Tyler Slavin",3000,0,NA,NA,NA,NA,NA,NA
"504","WR","Solomon Patton",3000,0.271,NA,NA,NA,NA,2.7,0
"505","RB","Rajion Neal",3000,0,NA,NA,NA,NA,NA,NA
"506","WR","Da'Rick Rogers",3000,0,NA,NA,NA,NA,NA,NA
"507","RB","Trey Millard",3000,0,NA,NA,NA,NA,NA,NA
"508","RB","Vick Ballard",3000,0,NA,NA,NA,NA,NA,NA
"509","RB","Silas Redd Jr.",3000,2.147,NA,NA,NA,NA,NA,NA
"510","WR","Kyle Prater",3000,0,NA,NA,NA,NA,NA,NA
"511","WR","Deon Long",3000,0,NA,NA,NA,NA,NA,NA
"512","WR","Ryan Lankford",3000,0,NA,NA,NA,NA,NA,NA
"513","RB","Jay Prosch",3000,0.213,1.5,0,NA,NA,NA,NA
"514","WR","Dres Anderson",3000,0,NA,NA,NA,NA,NA,NA
"515","RB","Jalston Fowler",3000,0,NA,NA,NA,NA,NA,NA
"516","WR","TJ Jones",3000,0,NA,NA,NA,NA,NA,NA
"517","WR","Kenbrell Thompkins",3000,3.407,17.4,0,NA,NA,0.4,0
"518","RB","Joey Iosefa",3000,0,NA,NA,NA,NA,NA,NA
"519","WR","Nick Harwell",3000,0,NA,NA,NA,NA,NA,NA
"520","WR","Tony Jones",3000,0,NA,NA,NA,NA,NA,NA
"521","WR","Rashad Lawrence",3000,0,NA,NA,NA,NA,NA,NA
"522","WR","Andy Tanner",3000,0,NA,NA,NA,NA,NA,NA
"523","RB","Orleans Darkwa",3000,1.645,2.4,0,NA,NA,3,1
"524","WR","Rod Streater",3000,7.8,28,1,NA,NA,NA,NA
"525","WR","Ify Umodu",3000,0,NA,NA,NA,NA,NA,NA
"526","WR","Mario Hull",3000,0,NA,NA,NA,NA,NA,NA
"527","WR","Jordan Taylor",3000,0,NA,NA,NA,NA,NA,NA
"528","WR","Damarr Aultman",3000,0,NA,NA,NA,NA,NA,NA
"529","WR","R.J. Harris",3000,0,NA,NA,NA,NA,NA,NA
"530","WR","Ben Edwards",3000,0,NA,NA,NA,NA,NA,NA
"531","RB","Connor Neighbors",3000,0,NA,NA,NA,NA,NA,NA
"532","WR","Ace Sanders",3000,0.875,4.6,0,NA,NA,NA,NA
"533","RB","Lee Ward",3000,0,NA,NA,NA,NA,NA,NA
"534","WR","Jimmie Hunt",3000,0,NA,NA,NA,NA,NA,NA
"535","WR","Marcus Lucas",3000,0,NA,NA,NA,NA,NA,NA
"536","RB","Marcus Murphy",3000,0,NA,NA,NA,NA,NA,NA
"537","WR","Bud Sasser",3000,0,NA,NA,NA,NA,NA,NA
"538","RB","Andre Williams",3000,9.444,8.1,0,NA,NA,45.1,7
"539","WR","Jarred Haggins",3000,0,NA,NA,NA,NA,NA,NA
"540","RB","Synjyn Days",3000,0,NA,NA,NA,NA,NA,NA
"541","RB","Rod Smith",3000,0,NA,NA,NA,NA,NA,NA
"542","WR","Joshua Bellamy",3000,0,NA,NA,NA,NA,NA,NA
"543","RB","Dominique Brown",3000,0,NA,NA,NA,NA,NA,NA
"544","RB","Senorise Perry",3000,0.056,-0.1,0,NA,NA,NA,NA
"545","WR","Lance Lewis",3000,0,NA,NA,NA,NA,NA,NA
"546","WR","Jordan Leslie",3000,0,NA,NA,NA,NA,NA,NA
"547","WR","Neal Sterling",3000,0,NA,NA,NA,NA,NA,NA
"548","WR","Walt Powell",3000,-0.25,NA,NA,NA,NA,NA,NA
"549","RB","Lache Seastrunk",3000,0,NA,NA,NA,NA,NA,NA
"550","WR","Javontee Herndon",3000,0,NA,NA,NA,NA,NA,NA
"551","RB","Malcolm Johnson",3000,0,NA,NA,NA,NA,NA,NA
"552","WR","Josh Huff",3000,1.958,8.2,0,NA,NA,0.6,0
"553","WR","Andrew Turzilli",3000,0,NA,NA,NA,NA,NA,NA
"554","WR","John Harris",3000,0,NA,NA,NA,NA,NA,NA
"555","WR","Issac Blakeney",3000,0,NA,NA,NA,NA,NA,NA
"556","RB","Juwan Thompson",3000,3.447,1.7,0,NA,NA,18.1,3
"557","RB","Manasseh Garner",3000,0,NA,NA,NA,NA,NA,NA
"558","WR","Ezell Ruffin",3000,0,NA,NA,NA,NA,NA,NA
"559","WR","Brandon Coleman",3000,0,NA,NA,NA,NA,NA,NA
"560","RB","Michael Burton",3000,0,NA,NA,NA,NA,NA,NA
"561","WR","Malcome Kennedy",3000,0,NA,NA,NA,NA,NA,NA
"562","WR","Albert Wilson",3000,3.5,21.7,0,NA,NA,NA,NA
"563","RB","Michael Dyer",3000,0,NA,NA,NA,NA,NA,NA
"564","RB","Corey Grant",3000,0,NA,NA,NA,NA,NA,NA
"565","WR","DeAndrew White",3000,0,NA,NA,NA,NA,NA,NA
"566","RB","Mack Brown",3000,0,NA,NA,NA,NA,NA,NA
"567","WR","Adrian Coxson",3000,0,NA,NA,NA,NA,NA,NA
"568","WR","Quinton Dunbar",3000,0,NA,NA,NA,NA,NA,NA
"569","WR","Kaelin Clay",3000,0,NA,NA,NA,NA,NA,NA
"570","WR","Antwan Goodley",3000,0,NA,NA,NA,NA,NA,NA
"571","WR","Levi Norwood",3000,0,NA,NA,NA,NA,NA,NA
"572","WR","Matt Hazel",3000,0,NA,NA,NA,NA,NA,NA
"573","WR","Keith Mumphery",3000,0,NA,NA,NA,NA,NA,NA
"574","RB","Jeremy Langford",3000,0,NA,NA,NA,NA,NA,NA
"575","WR","Rishard Matthews",3000,2.7,9.6,2,NA,NA,0.2,0
"576","WR","Justin Hardy",3000,0,NA,NA,NA,NA,NA,NA
"577","WR","Desmond Lawrence",3000,0,NA,NA,NA,NA,NA,NA
"578","WR","J.J. Nelson",3000,0,NA,NA,NA,NA,NA,NA
"579","WR","Da'Ron Brown",3000,0,NA,NA,NA,NA,NA,NA
"580","WR","DiAndre Campbell",3000,0,NA,NA,NA,NA,NA,NA
"581","WR","Kevin Smith",3000,0,NA,NA,NA,NA,NA,NA
"582","WR","Clyde Gates",3000,0,NA,NA,NA,NA,NA,NA
"583","WR","Andre Holmes",3000,8.956,43.3,4,NA,NA,NA,NA
"584","WR","Corey Fuller",3000,2.635,13.2,1,NA,NA,NA,NA
"585","WR","Jake Kumerow",3000,0,NA,NA,NA,NA,NA,NA
"586","WR","Geremy Davis",3000,0,NA,NA,NA,NA,NA,NA
"587","RB","Jerome Smith",3000,0,NA,NA,NA,NA,NA,NA
"588","WR","Bernard Reedy",3000,0,NA,NA,NA,NA,NA,NA
"589","RB","Jamize Olawale",3000,1.175,1.1,2,NA,NA,0,0
"590","WR","Paul Richardson",3000,4.075,18.1,1,NA,NA,NA,NA
"591","WR","Robert Herron",3000,2.225,7.2,1,NA,NA,0,0
"592","WR","Donte Foster",3000,0,NA,NA,NA,NA,NA,NA
"593","WR","Douglas McNeil III",3000,0,NA,NA,NA,NA,NA,NA
"594","WR","Daniel Brown",3000,0,NA,NA,NA,NA,NA,NA
"595","WR","Reggie Bell",3000,0,NA,NA,NA,NA,NA,NA
"596","WR","Isaiah Burse",3000,-0.083,0,0,NA,NA,NA,NA
"597","WR","Josh Harper",3000,0,NA,NA,NA,NA,NA,NA
"598","WR","Jalen Saunders",3000,0.078,1.2,0,NA,NA,NA,NA
"599","WR","Freddie Martino",3000,0,0,0,NA,NA,NA,NA
"600","WR","Josh Reese",3000,0,NA,NA,NA,NA,NA,NA
"601","RB","Terrence Franks",3000,0,NA,NA,NA,NA,NA,NA
"602","WR","Cameron Meredith",3000,0,NA,NA,NA,NA,NA,NA
"603","WR","Tyler McDonald",3000,0,NA,NA,NA,NA,NA,NA
"604","RB","Antonio Andrews",3000,0.775,2.8,0,NA,NA,NA,NA
"605","WR","Chris Hogan",3000,6.6,26.6,4,NA,NA,NA,NA
"606","WR","Saalim Hakim",3000,0,NA,NA,NA,NA,NA,NA
"607","WR","Corey Brown",3000,5.88,22.8,2,NA,NA,7.3,0
"608","RB","Zach Zenner",3000,0,NA,NA,NA,NA,NA,NA
"609","WR","Michael Preston",3000,0,NA,NA,NA,NA,NA,NA
"610","RB","Kenny Hilliard",3000,0,NA,NA,NA,NA,NA,NA
"611","RB","Terrence Magee",3000,0,NA,NA,NA,NA,NA,NA
"612","RB","Dreamius Smith",3000,0,NA,NA,NA,NA,NA,NA
"613","RB","Terron Ward",3000,0,NA,NA,NA,NA,NA,NA
"614","RB","Jahwan Edwards",3000,0,NA,NA,NA,NA,NA,NA
"615","WR","Titus Davis",3000,0,NA,NA,NA,NA,NA,NA
"616","WR","Nigel King",3000,0,NA,NA,NA,NA,NA,NA
"617","WR","Quinton Patton",3000,2.1,11,0,NA,NA,5,0
"618","RB","Mark Weisman",3000,0,NA,NA,NA,NA,NA,NA
"619","WR","Quan Bray",3000,0,NA,NA,NA,NA,NA,NA
"620","RB","Ka'Deem Carey",3000,1.893,4.1,0,NA,NA,11.3,0
"621","WR","Travis Labhart",3000,0,NA,NA,NA,NA,NA,NA
"622","WR","Tre McBride",3000,0,NA,NA,NA,NA,NA,NA
"623","WR","Rashad Ross",3000,0,NA,NA,NA,NA,NA,NA
"624","WR","Ty Montgomery",3000,0,NA,NA,NA,NA,NA,NA
"625","WR","Jamison Crowder",3000,0,NA,NA,NA,NA,NA,NA
"626","RB","Zach Laskey",3000,0,NA,NA,NA,NA,NA,NA
"627","WR","Darren Waller",3000,0,NA,NA,NA,NA,NA,NA
"628","WR","David Porter",3000,0,NA,NA,NA,NA,NA,NA
"629","WR","Dezmin Lewis",3000,0,NA,NA,NA,NA,NA,NA
"630","RB","Keshawn Hill",3000,0,NA,NA,NA,NA,NA,NA
"631","RB","Gus Johnson",3000,0,NA,NA,NA,NA,NA,NA
"632","WR","Adam Humphries",3000,0,NA,NA,NA,NA,NA,NA
"633","RB","Alonzo Harris",3000,0,NA,NA,NA,NA,NA,NA
"634","RB","Malcolm Brown",3000,0,NA,NA,NA,NA,NA,NA
"635","WR","Jaxon Shipley",3000,0,NA,NA,NA,NA,NA,NA
"636","WR","Deshon Foxx",3000,0,NA,NA,NA,NA,NA,NA
"637","RB","Kiero Small",3000,0,NA,NA,NA,NA,NA,NA
"638","WR","Damiere Byrd",3000,0,NA,NA,NA,NA,NA,NA
"639","WR","Bruce Ellington",3000,2.538,4.8,2,NA,NA,2.2,1
"640","WR","Tyler Lockett",3000,0,NA,NA,NA,NA,NA,NA
"641","RB","Aaron Ripkowski",3000,0,NA,NA,NA,NA,NA,NA
"642","WR","Josh Stewart",3000,0,NA,NA,NA,NA,NA,NA
"643","WR","Bradley Marquez",3000,0,NA,NA,NA,NA,NA,NA
"644","WR","Rashad Greene",3000,0,NA,NA,NA,NA,NA,NA
"645","RB","James Wilder Jr.",3000,0,NA,NA,NA,NA,NA,NA
"646","RB","Karlos Williams",3000,0,NA,NA,NA,NA,NA,NA
"647","RB","Thomas Rawls",3000,0,NA,NA,NA,NA,NA,NA
"648","WR","Darius Jennings",3000,0,NA,NA,NA,NA,NA,NA
"649","WR","Devante Davis",3000,0,NA,NA,NA,NA,NA,NA
"650","WR","Devin Smith",3000,0,NA,NA,NA,NA,NA,NA
"651","WR","Evan Spencer",3000,0,NA,NA,NA,NA,NA,NA
"652","RB","Brandon Cottom",3000,0,NA,NA,NA,NA,NA,NA
"653","RB","Akeem Hunt",3000,0,NA,NA,NA,NA,NA,NA
"654","RB","Raheem Mostert",3000,0,NA,NA,NA,NA,NA,NA
"655","WR","Andre Davis",3000,0,NA,NA,NA,NA,NA,NA
"656","WR","Donte Moncrief",3000,6.405,27.8,3,NA,NA,1.1,0
"657","RB","Josh Robinson",3000,0,NA,NA,NA,NA,NA,NA
"658","WR","Chuck Jacobs",3000,0,NA,NA,NA,NA,NA,NA
"659","WR","Jeremy Butler",3000,0,NA,NA,NA,NA,NA,NA
"660","RB","Corey Knox",3000,0,NA,NA,NA,NA,NA,NA
"661","WR","De'Anthony Thomas",3000,5.158,13,0,NA,NA,9.4,1
"662","WR","Kasen Williams",3000,0,NA,NA,NA,NA,NA,NA
"663","RB","Kenneth Harper",3000,0,NA,NA,NA,NA,NA,NA
"664","WR","DaVaris Daniels",3000,0,NA,NA,NA,NA,NA,NA
"665","WR","Shane Wynn",3000,0,NA,NA,NA,NA,NA,NA
"666","RB","Darrin Reaves",3000,2.65,5.2,0,NA,NA,13,0
"667","WR","Rannell Hall",3000,0,NA,NA,NA,NA,NA,NA
"668","WR","Milton Williams III",3000,0,NA,NA,NA,NA,NA,NA
"669","RB","George Atkinson III",3000,0,NA,NA,NA,NA,NA,NA
"670","WR","Christion Jones",3000,0,NA,NA,NA,NA,NA,NA
"671","WR","DeAndre Carter",3000,0,NA,NA,NA,NA,NA,NA
"672","WR","Jeret Smith",3000,0,NA,NA,NA,NA,NA,NA
"673","WR","Chandler Worthy",3000,0,NA,NA,NA,NA,NA,NA
"674","WR","Brittan Golden",3000,0,NA,NA,NA,NA,NA,NA
"675","RB","Daryl Richardson",3000,0,NA,NA,NA,NA,NA,NA
"676","WR","Tyrell Williams",3000,0,NA,NA,NA,NA,NA,NA
"677","WR","Isaac Fruechte",3000,0,NA,NA,NA,NA,NA,NA
"678","WR","Deontay Greenberry",3000,0,NA,NA,NA,NA,NA,NA
"679","RB","Paul Lasike",3000,0,NA,NA,NA,NA,NA,NA
"680","RB","Marion Grice",3000,2.373,2.9,0,0,0,4.1,1
"681","WR","Marquez Clark",3000,0,NA,NA,NA,NA,NA,NA
"682","WR","Kasey Closs",3000,0,NA,NA,NA,NA,NA,NA
"683","RB","Tyler Varga",3000,0,NA,NA,NA,NA,NA,NA
"684","WR","Cordarrelle Patterson",3000,6.069,24,1,NA,NA,7.3,1
"685","RB","Trey Williams",3000,0,NA,NA,NA,NA,NA,NA
"686","RB","Duke Johnson Jr.",3000,0,NA,NA,NA,NA,NA,NA
"687","RB","Abou Toure",3000,0,NA,NA,NA,NA,NA,NA
"688","WR","Cam Worthy",3000,0,NA,NA,NA,NA,NA,NA
"689","WR","Demetrius Wilson",3000,0,NA,NA,NA,NA,NA,NA
"690","WR","Stefon Diggs",3000,0,NA,NA,NA,NA,NA,NA
"691","WR","Daniel Rodriguez",3000,0,NA,NA,NA,NA,NA,NA
"692","WR","Kenny Cook",3000,0,NA,NA,NA,NA,NA,NA
"693","WR","Isiah Ferguson",3000,0,NA,NA,NA,NA,NA,NA
"694","WR","Seth Roberts",3000,0,NA,NA,NA,NA,NA,NA
"695","RB","John Crockett",3000,0,NA,NA,NA,NA,NA,NA
"696","WR","Jonathon Rumph",3000,0,NA,NA,NA,NA,NA,NA
"697","WR","Lucky Whitehead",3000,0,NA,NA,NA,NA,NA,NA
"698","WR","Adam Thielen",3000,1.731,8.6,1,NA,NA,NA,NA
"699","RB","Khiry Robinson",3000,6.65,6.3,0,NA,NA,36.2,3
"700","WR","Braylon Bell",3000,0,NA,NA,NA,NA,NA,NA
"701","WR","Damond Powell",3000,0,NA,NA,NA,NA,NA,NA
"702","WR","Javess Blue",3000,0,NA,NA,NA,NA,NA,NA
"703","WR","Mario Alford",3000,0,NA,NA,NA,NA,NA,NA
"704","WR","DeAndre Smelter",3000,0,NA,NA,NA,NA,NA,NA
"705","WR","Vince Mayle",3000,0,NA,NA,NA,NA,NA,NA
"706","WR","Taylor Gabriel",3000,6.569,38.8,1,NA,NA,0.6,0
"707","RB","Charcandrick West",3000,0,0,0,NA,NA,NA,NA
"708","WR","Paul Browning",3000,0,NA,NA,NA,NA,NA,NA
"709","WR","Gavin Lutman",3000,0,NA,NA,NA,NA,NA,NA
"710","WR","Corey Washington",3000,1.157,3.7,1,NA,NA,NA,NA
"711","WR","Jeff Janis",3000,1.2,5.3,0,NA,NA,NA,NA
"712","WR","Torrence Allen",3000,0,NA,NA,NA,NA,NA,NA
"713","WR","Seantavius Jones",3000,0,NA,NA,NA,NA,NA,NA
"714","WR","Ricky Collins",3000,0,NA,NA,NA,NA,NA,NA
"715","WR","Vernon Johnson",3000,0,NA,NA,NA,NA,NA,NA
"716","WR","Tello Luckett",3000,0,NA,NA,NA,NA,NA,NA
"717","WR","Rasheed Bailey",3000,0,NA,NA,NA,NA,NA,NA
"718","WR","Trevor Harman",3000,0,NA,NA,NA,NA,NA,NA
"719","WR","Joshua Stangby",3000,0,NA,NA,NA,NA,NA,NA
"720","WR","Tyler Rutenbeck",3000,0,NA,NA,NA,NA,NA,NA
"721","RB","Rasheed Williams",3000,0,NA,NA,NA,NA,NA,NA
"722","RB","Terrell Watson",3000,0,NA,NA,NA,NA,NA,NA
"723","RB","Luke Lundy",3000,0,NA,NA,NA,NA,NA,NA
"724","WR","Donteea Dye",3000,0,NA,NA,NA,NA,NA,NA
"725","WR","Austin Willis",3000,0,NA,NA,NA,NA,NA,NA
"726","RB","Desmond Martin",3000,0,NA,NA,NA,NA,NA,NA
"727","DST","Bills ",2900,10.938,NA,NA,NA,NA,NA,NA
"728","DST","Colts ",2900,7.737,NA,NA,NA,NA,NA,NA
"729","DST","Jets ",2900,4.688,NA,NA,NA,NA,NA,NA
"730","TE","Jared Cook",2900,8.338,39.6,3,NA,NA,0,0
"731","TE","Eric Ebron",2900,4.35,19.1,1,NA,NA,NA,NA
"732","DST","Cowboys ",2800,7.389,NA,NA,NA,NA,NA,NA
"733","DST","Broncos ",2800,7.353,NA,NA,NA,NA,NA,NA
"734","DST","Lions ",2800,8.235,NA,NA,NA,NA,NA,NA
"735","DST","Titans ",2800,5.063,NA,NA,NA,NA,NA,NA
"736","DST","Rams ",2800,9.563,NA,NA,NA,NA,NA,NA
"737","DST","Vikings ",2800,8,NA,NA,NA,NA,NA,NA
"738","DST","Cardinals ",2800,8.941,NA,NA,NA,NA,NA,NA
"739","DST","Chargers ",2800,6.438,NA,NA,NA,NA,NA,NA
"740","DST","49ers ",2800,7.938,NA,NA,NA,NA,NA,NA
"741","DST","Buccaneers ",2800,6.625,NA,NA,NA,NA,NA,NA
"742","TE","David Johnson",2800,0.1,0.3,0,NA,NA,NA,NA
"743","TE","Jermaine Gresham",2800,9.2,30.7,5,NA,NA,NA,NA
"744","TE","Jace Amaro",2800,6.036,24.6,2,NA,NA,NA,NA
"745","DST","Falcons ",2700,6.438,NA,NA,NA,NA,NA,NA
"746","DST","Saints ",2700,4.313,NA,NA,NA,NA,NA,NA
"747","DST","Eagles ",2700,11.813,NA,NA,NA,NA,NA,NA
"748","DST","Jaguars ",2700,6.938,NA,NA,NA,NA,NA,NA
"749","DST","Ravens ",2700,8.833,NA,NA,NA,NA,NA,NA
"750","TE","Mychal Rivera",2700,8.588,33.4,4,NA,NA,NA,NA
"751","TE","Clive Walford",2700,0,NA,NA,NA,NA,NA,NA
"752","TE","Maxx Williams",2700,0,NA,NA,NA,NA,NA,NA
"753","DST","Redskins ",2600,4.063,NA,NA,NA,NA,NA,NA
"754","TE","Jacob Tamme",2600,2.244,7.3,2,NA,NA,NA,NA
"755","TE","Benjamin Watson",2600,2.85,8.5,2,NA,NA,NA,NA
"756","DST","Giants ",2500,6.938,NA,NA,NA,NA,NA,NA
"757","TE","Daniel Fells",2500,3.613,11.8,4,NA,NA,NA,NA
"758","TE","Craig Stevens",2500,0.92,5.2,0,NA,NA,NA,NA
"759","TE","Dante Rosario",2500,1.788,7.2,0,NA,NA,NA,NA
"760","TE","Marcedes Lewis",2500,6.325,25.8,2,NA,NA,NA,NA
"761","TE","Anthony Fasano",2500,4.773,15.1,4,NA,NA,NA,NA
"762","TE","Brent Celek",2500,4.625,21.2,1,NA,NA,NA,NA
"763","TE","Zach Miller",2500,0,25.3,0,NA,NA,NA,NA
"764","TE","Dennis Pitta",2500,9.5,41.7,0,NA,NA,NA,NA
"765","TE","Brandon Pettigrew",2500,1.273,5,0,NA,NA,NA,NA
"766","TE","Kellen Davis",2500,0,0,0,NA,NA,NA,NA
"767","TE","Brandon Myers",2500,2.929,13.6,0,NA,NA,NA,NA
"768","TE","Darren Fells",2500,1.745,7.1,0,NA,NA,NA,NA
"769","TE","Bear Pascoe",2500,0.519,0.2,1,NA,NA,NA,NA
"770","TE","Kevin Brock",2500,0.587,1.5,0,NA,NA,NA,NA
"771","TE","Gary Barnidge",2500,2.2,12,0,NA,NA,NA,NA
"772","TE","Tony Moeaki",2500,3.914,22.3,1,NA,NA,NA,NA
"773","TE","Clay Harbor",2500,4.685,22.2,1,NA,NA,NA,NA
"774","TE","Ed Dickson",2500,2.067,7.2,1,NA,NA,NA,NA
"775","TE","Logan Paulsen",2500,1.613,4.9,1,NA,NA,NA,NA
"776","TE","Garrett Graham",2500,3.973,17.9,1,NA,NA,NA,NA
"777","TE","Richie Brockel",2500,0,NA,NA,NA,NA,NA,NA
"778","TE","David Ausberry",2500,0.567,2.3,0,NA,NA,NA,NA
"779","TE","Anthony McCoy",2500,0,NA,NA,NA,NA,NA,NA
"780","TE","Jim Dray",2500,2.95,15.1,1,NA,NA,NA,NA
"781","TE","Virgil Green",2500,1.507,5.7,1,NA,NA,0.2,0
"782","TE","John Phillips",2500,0.444,0.1,1,NA,NA,NA,NA
"783","TE","Ryan Taylor",2500,0,NA,NA,NA,NA,NA,NA
"784","TE","Richard Gordon",2500,0,0,0,NA,NA,NA,NA
"785","TE","Rob Housler",2500,1.375,8.6,0,NA,NA,0.1,0
"786","TE","Matthew Mulligan",2500,0,NA,NA,NA,NA,NA,NA
"787","TE","Mickey Shuler",2500,0,0,0,NA,NA,NA,NA
"788","TE","Lance Kendricks",2500,5.181,16.2,5,NA,NA,NA,NA
"789","TE","Jeff Cumberland",2500,4.106,15.4,3,NA,NA,NA,NA
"790","TE","Lee Smith",2500,1.229,3,1,NA,NA,NA,NA
"791","TE","Luke Stocker",2500,0.854,3.2,0,NA,NA,NA,NA
"792","TE","Steve Maneri",2500,0,0,0,NA,NA,NA,NA
"793","TE","Konrad Reuland",2500,0,NA,NA,NA,NA,NA,NA
"794","TE","Andrew Quarless",2500,5.133,20.2,3,NA,NA,NA,NA
"795","TE","Sean McGrath",2500,0,NA,NA,NA,NA,NA,NA
"796","TE","James Casey",2500,1.306,3.7,2,NA,NA,NA,NA
"797","TE","Adrien Robinson",2500,1,3.1,1,NA,NA,NA,NA
"798","TE","Rhett Ellison",2500,2.988,13,1,NA,NA,NA,NA
"799","TE","Ifeanyi Momah",2500,0,NA,NA,NA,NA,NA,NA
"800","TE","Allen Reisner",2500,0,NA,NA,NA,NA,NA,NA
"801","TE","Emil Igwenagu",2500,0,NA,NA,NA,NA,NA,NA
"802","TE","Garrett Celek",2500,2.433,17.7,0,NA,NA,NA,NA
"803","TE","Jamie Childers",2500,0,NA,NA,NA,NA,NA,NA
"804","TE","Evan Rodriguez",2500,0,NA,NA,NA,NA,NA,NA
"805","TE","Niles Paul",2500,5.919,31.7,1,NA,NA,NA,NA
"806","TE","Dave Paulson",2500,0,NA,NA,NA,NA,NA,NA
"807","TE","James Hanna",2500,0.489,3,0,NA,NA,NA,NA
"808","TE","Jake Stoneburner",2500,0,NA,NA,NA,NA,NA,NA
"809","TE","Joe Don Duncan",2500,0,NA,NA,NA,NA,NA,NA
"810","TE","Taylor Thompson",2500,1.467,8,0,NA,NA,NA,NA
"811","TE","Gerell Robinson",2500,0,0,0,NA,NA,NA,NA
"812","TE","Cory Harkey",2500,1.344,3.4,1,NA,NA,NA,NA
"813","TE","MarQueis Gray",2500,1.723,23.6,0,NA,NA,NA,NA
"814","TE","Tim Wright",2500,4.872,NA,NA,NA,NA,NA,NA
"815","TE","Ryan Griffin",2500,1.569,5.7,1,NA,NA,NA,NA
"816","TE","Brad Smelley",2500,0,NA,NA,NA,NA,NA,NA
"817","TE","Chris Gragg",2500,1.78,4.8,1,NA,NA,NA,NA
"818","TE","Ryan Otten",2500,0,NA,NA,NA,NA,NA,NA
"819","TE","Luke Willson",2500,5.947,24.1,3,NA,NA,NA,NA
"820","TE","Jordan Thompson",2500,0,0,0,NA,NA,NA,NA
"821","TE","Joseph Fauria",2500,3.057,10.6,1,NA,NA,NA,NA
"822","TE","Jack Doyle",2500,2.637,7.4,2,NA,NA,NA,NA
"823","TE","Vance McDonald",2500,0.5,3.8,0,NA,NA,NA,NA
"824","TE","Marcel Jensen",2500,1.8,8,0,NA,NA,NA,NA
"825","TE","Justin Perillo",2500,0,NA,NA,NA,NA,NA,NA
"826","TE","Nick Kasa",2500,0,NA,NA,NA,NA,NA,NA
"827","TE","Ryan Hewitt",2500,1.488,5.4,0,NA,NA,0,0
"828","TE","Levine Toilolo",2500,4.113,14.9,2,NA,NA,NA,NA
"829","TE","Justice Cunningham",2500,0,NA,NA,NA,NA,NA,NA
"830","TE","Matt Lengel",2500,0,NA,NA,NA,NA,NA,NA
"831","TE","Gabe Holmes",2500,0,NA,NA,NA,NA,NA,NA
"832","TE","Gavin Escobar",2500,2.417,6.6,4,NA,NA,NA,NA
"833","TE","Ted Bolser",2500,0,NA,NA,NA,NA,NA,NA
"834","TE","Alex Bayer",2500,0,NA,NA,NA,NA,NA,NA
"835","TE","Dion Sims",2500,4.6,20.3,2,NA,NA,NA,NA
"836","TE","Blake Annen",2500,0,NA,NA,NA,NA,NA,NA
"837","TE","Orson Charles",2500,0,NA,NA,NA,NA,NA,NA
"838","TE","Arthur Lynch",2500,0,NA,NA,NA,NA,NA,NA
"839","TE","Brandon Bostick",2500,0.553,0.2,1,NA,NA,NA,NA
"840","TE","Jerome Cunningham",2500,0,NA,NA,NA,NA,NA,NA
"841","TE","Nic Jacobs",2500,0.738,1.2,1,NA,NA,NA,NA
"842","TE","Brandon Williams",2500,0.525,3.1,0,NA,NA,NA,NA
"843","TE","Cooper Helfet",2500,3.864,18.5,2,NA,NA,NA,NA
"844","TE","Devin Mahina",2500,0,NA,NA,NA,NA,NA,NA
"845","TE","Crockett Gillmore",2500,2.3,8.1,1,NA,NA,NA,NA
"846","TE","Trey Burton",2500,0.067,NA,NA,NA,NA,0.7,0
"847","TE","Gerald Christian",2500,0,NA,NA,NA,NA,NA,NA
"848","TE","Blake Bell",2500,0,NA,NA,NA,NA,NA,NA
"849","TE","Je'Ron Hamm",2500,0,NA,NA,NA,NA,NA,NA
"850","TE","Justin Sinz",2500,0,NA,NA,NA,NA,NA,NA
"851","TE","Erik Swoope",2500,0,NA,NA,NA,NA,NA,NA
"852","TE","Harold Spears",2500,0,NA,NA,NA,NA,NA,NA
"853","TE","James O'Shaughnessy",2500,0,NA,NA,NA,NA,NA,NA
"854","TE","MyCole Pruitt",2500,0,NA,NA,NA,NA,NA,NA
"855","TE","Cameron Brate",2500,0.54,3.4,0,NA,NA,NA,NA
"856","TE","Will Tye",2500,0,NA,NA,NA,NA,NA,NA
"857","TE","Chase Ford",2500,4.982,23.5,1,NA,NA,NA,NA
"858","TE","C.J. Fiedorowicz",2500,0.853,1.9,1,NA,NA,NA,NA
"859","TE","Eric Tomlinson",2500,0,NA,NA,NA,NA,NA,NA
"860","TE","Randall Telfer",2500,0,NA,NA,NA,NA,NA,NA
"861","TE","Brian Parker",2500,0,NA,NA,NA,NA,NA,NA
"862","TE","Brian Vogler",2500,0,NA,NA,NA,NA,NA,NA
"863","TE","Mike McFarland",2500,0,NA,NA,NA,NA,NA,NA
"864","TE","Andrew Gleichert",2500,0,NA,NA,NA,NA,NA,NA
"865","TE","Chase Dixon",2500,0,NA,NA,NA,NA,NA,NA
"866","TE","Taylor Sloat",2500,0,NA,NA,NA,NA,NA,NA
"867","TE","Connor Hamlett",2500,0,NA,NA,NA,NA,NA,NA
"868","TE","Casey Pierce",2500,0,NA,NA,NA,NA,NA,NA
"869","TE","RaShaun Allen",2500,0,NA,NA,NA,NA,NA,NA
"870","TE","Scott Simonson",2500,0,NA,NA,NA,NA,NA,NA
"871","TE","Jake Murphy",2500,0,NA,NA,NA,NA,NA,NA
"872","TE","Kyle Miller",2500,0,NA,NA,NA,NA,NA,NA
"873","TE","Justin Tukes",2500,0,NA,NA,NA,NA,NA,NA
"874","TE","Anthony Denham",2500,0,NA,NA,NA,NA,NA,NA
"875","TE","Tyler Kroft",2500,0,NA,NA,NA,NA,NA,NA
"876","TE","Clay Burton",2500,0,NA,NA,NA,NA,NA,NA
"877","TE","C.J. Uzomah",2500,0,NA,NA,NA,NA,NA,NA
"878","TE","Jeff Heuerman",2500,0,NA,NA,NA,NA,NA,NA
"879","TE","Earnest Pettway",2500,0,NA,NA,NA,NA,NA,NA
"880","TE","Demetrius Harris",2500,0.625,2.5,0,NA,NA,NA,NA
"881","TE","Mitchell Henry",2500,0,NA,NA,NA,NA,NA,NA
"882","TE","Busta Anderson",2500,0,NA,NA,NA,NA,NA,NA
"883","TE","Nick O'Leary",2500,0,NA,NA,NA,NA,NA,NA
"884","TE","Jack Tabb",2500,0,NA,NA,NA,NA,NA,NA
"885","TE","Matt LaCosse",2500,0,NA,NA,NA,NA,NA,NA
"886","TE","Tevin Westbrook",2500,0,NA,NA,NA,NA,NA,NA
"887","TE","Richard Rodgers",2500,3.906,14.1,2,NA,NA,NA,NA
"888","TE","Nick Boyle",2500,0,NA,NA,NA,NA,NA,NA
"889","TE","Eric Frohnapfel",2500,0,NA,NA,NA,NA,NA,NA
"890","TE","Kennard Backman",2500,0,NA,NA,NA,NA,NA,NA
"891","TE","Ben Koyack",2500,0,NA,NA,NA,NA,NA,NA
"892","TE","Troy Niklas",2500,0.971,5.4,0,NA,NA,NA,NA
"893","TE","Ray Hamilton",2500,0,NA,NA,NA,NA,NA,NA
"894","TE","Beau Gardner",2500,0,NA,NA,NA,NA,NA,NA
"895","TE","Phillip Supernaw",2500,0.75,4.5,0,NA,NA,NA,NA
"896","TE","Wes Saxton",2500,0,NA,NA,NA,NA,NA,NA
"897","TE","Derek Carrier",2500,1.791,9.5,0,NA,NA,0.2,0
"898","TE","Dominique Jones",2500,0,NA,NA,NA,NA,NA,NA
"899","TE","Brian Leonhardt",2500,1.292,2.9,1,NA,NA,NA,NA
"900","TE","Geoff Swaim",2500,0,NA,NA,NA,NA,NA,NA
"901","TE","E.J. Bibbs",2500,0,NA,NA,NA,NA,NA,NA
"902","TE","Gannon Sinclair",2500,0,NA,NA,NA,NA,NA,NA
"903","TE","Jean Sifrin",2500,0,NA,NA,NA,NA,NA,NA
"904","TE","Khari Lee",2500,0,NA,NA,NA,NA,NA,NA
"905","TE","John Peters",2500,0,NA,NA,NA,NA,NA,NA
"906","DST","Bears ",2400,6.563,NA,NA,NA,NA,NA,NA
"907","DST","Raiders ",2300,3.813,NA,NA,NA,NA,NA,NA
